model,rmse,mae,r2
GradientBoosting,6.708503872736633,2.378741826256405,0.1721660700518901
RandomForest,6.79345027033152,2.3800136798905607,0.15106844996007607
ElasticNet,6.988881405171606,2.465530805472158,0.10152248125601893
Ridge,7.654824853730501,2.717070383227836,-0.07786008485512586
LinearRegression,8.545815524361448,2.940125467404866,-0.3433800676546326
